{
    "line": {
        "recall": 97.90384374765398,
        "precision": 98.49456280902083,
        "f1": 97.91026591861605
    },
    "arc": {
        "recall": 93.27460163168904,
        "precision": 94.65378381790048,
        "f1": 93.34649755279779
    },
    "circle": {
        "recall": 97.34665341245369,
        "precision": 97.69448743484311,
        "f1": 97.1570187703396
    },
    "extrusion": {
        "recall": 99.66540725646686,
        "precision": 99.75755572609877,
        "f1": 99.63897762935476
    },
    "cd": {
        "median": 0.15157011286713856,
        "mean": 3.5090555185590575
    },
    "invalidity_ratio_percentage": 0.9086320040383644
}