{
    "line": {
        "recall": 86.73868114209023,
        "precision": 88.53773361961863,
        "f1": 85.86430121551363
    },
    "arc": {
        "recall": 55.093467138921696,
        "precision": 55.51948051948051,
        "f1": 54.590546695289774
    },
    "circle": {
        "recall": 94.54022988505746,
        "precision": 85.63218390804597,
        "f1": 88.56867270660375
    },
    "extrusion": {
        "recall": 100.0,
        "precision": 99.73118279569893,
        "f1": 99.84639016897083
    },
    "cd": {
        "median": 21.851159415976305,
        "mean": 111.70264061197747
    },
    "invalidity_ratio_percentage": 4.123711340206185
}