{
    "line": {
        "recall": 97.36663273459145,
        "precision": 97.5474953191486,
        "f1": 96.91173309866858
    },
    "arc": {
        "recall": 91.64186258549005,
        "precision": 93.31984038841472,
        "f1": 91.70948557734928
    },
    "circle": {
        "recall": 96.24388348566751,
        "precision": 96.59093449586408,
        "f1": 95.98271991653436
    },
    "extrusion": {
        "recall": 99.40152507414601,
        "precision": 98.55411529139002,
        "f1": 98.63055306305384
    },
    "cd": {
        "median": 0.16245450460431693,
        "mean": 5.535153494390236
    },
    "invalidity_ratio_percentage": 0.8463949843260188
}