{
    "line": {
        "recall": 86.34282607329598,
        "precision": 90.59010419871497,
        "f1": 86.52050346333448
    },
    "arc": {
        "recall": 54.07176312204245,
        "precision": 56.46245903499463,
        "f1": 53.522801499023885
    },
    "circle": {
        "recall": 90.2599493903842,
        "precision": 89.74752703013571,
        "f1": 89.10436048117208
    },
    "extrusion": {
        "recall": 99.25773437167538,
        "precision": 99.1566130473637,
        "f1": 98.99749652824879
    },
    "cd": {
        "median": 47.84846531535743,
        "mean": 149.71105409834192
    },
    "invalidity_ratio_percentage": 8.913308913308914
}