{
    "line": {
        "recall": 97.9409858970678,
        "precision": 98.68893234229151,
        "f1": 98.04441107738059
    },
    "arc": {
        "recall": 93.79230990740297,
        "precision": 94.81358902492161,
        "f1": 93.74968631699214
    },
    "circle": {
        "recall": 97.2651535819923,
        "precision": 97.79280169948693,
        "f1": 97.20646498097861
    },
    "extrusion": {
        "recall": 99.63020934152796,
        "precision": 99.83606755710414,
        "f1": 99.66660539282041
    },
    "cd": {
        "median": 0.15165942733473758,
        "mean": 3.7194966012571093
    },
    "invalidity_ratio_percentage": 0.6562342251388188
}