{
    "line": {
        "recall": 97.47185627851643,
        "precision": 98.70134649813748,
        "f1": 97.7649752088584
    },
    "arc": {
        "recall": 92.52729794025556,
        "precision": 94.33561916494313,
        "f1": 92.82269520886435
    },
    "circle": {
        "recall": 96.66938802538617,
        "precision": 97.38351054020345,
        "f1": 96.62449869259096
    },
    "extrusion": {
        "recall": 99.43841926570263,
        "precision": 99.87072971265009,
        "f1": 99.55408311736088
    },
    "cd": {
        "median": 0.15279586143174673,
        "mean": 3.7622644656349986
    },
    "invalidity_ratio_percentage": 0.6848430029719602
}